Country Name,Country Code,Series Name,Series Code,2010 [YR2010],2011 [YR2011],2012 [YR2012],2013 [YR2013],2014 [YR2014],2015 [YR2015]
Austria,AUT,Trade (% of GDP),NE.TRD.GNFS.ZS,98.2598214025005,104.317446829971,104.493850113591,103.363592748854,101.916480450433,100.749530099537
Austria,AUT,"Industry, value added (% of GDP)",NV.IND.TOTL.ZS,28.6599361864079,28.552329199288,28.807592979861,28.6455135331331,28.4279563981053,28.0570476087612
Austria,AUT,"Inflation, consumer prices (annual %)",FP.CPI.TOTL.ZG,1.813535031,3.266938912,2.485675087,2.000157493,1.605805605,0.896567005
Austria,AUT,"Educational attainment, at least Bachelor's or equivalent, population 25+, total (%) (cumulative)",SE.TER.CUAT.BA.ZS,..,..,..,..,12.2523698806763,13.0816698074341
Austria,AUT,"Educational attainment, at least completed upper secondary, population 25+, total (%) (cumulative)",SE.SEC.CUAT.UP.ZS,76.5560989379883,76.4276962280273,76.9751129150391,77.3063583374023,78.1098403930664,79.0129013061523
Austria,AUT,"Educational attainment, at least completed lower secondary, population 25+, total (%) (cumulative)",SE.SEC.CUAT.LO.ZS,..,..,..,..,98.9232177734375,..
Australia,AUS,Trade (% of GDP),NE.TRD.GNFS.ZS,39.8385212268441,41.2245948433186,42.6449363528924,40.6244333168143,41.9023988326604,40.8147476586503
Australia,AUS,"Industry, value added (% of GDP)",NV.IND.TOTL.ZS,27.0716790385471,28.4988338613245,28.21811968405,26.9053441595087,27.2770074482402,25.3962505198767
Australia,AUS,"Inflation, consumer prices (annual %)",FP.CPI.TOTL.ZG,2.845225682,3.303850156,1.762780156,2.449888641,2.487922705,1.508366722
Australia,AUS,"Educational attainment, at least Bachelor's or equivalent, population 25+, total (%) (cumulative)",SE.TER.CUAT.BA.ZS,..,..,..,26.7436008453369,24.9464492797852,29.7842502593994
Australia,AUS,"Educational attainment, at least completed upper secondary, population 25+, total (%) (cumulative)",SE.SEC.CUAT.UP.ZS,72.7989730834961,74.0616683959961,76.4830169677734,72.0368423461914,71.2339401245117,75.5597610473633
Australia,AUS,"Educational attainment, at least completed lower secondary, population 25+, total (%) (cumulative)",SE.SEC.CUAT.LO.ZS,93.1995315551758,93.6081008911133,94.4489364624023,91.0807723999023,91.4505004882813,92.6785736083984
Belgium,BEL,Trade (% of GDP),NE.TRD.GNFS.ZS,151.100176526737,162.753665660528,163.994977033554,162.218643125169,164.615444572186,160.172836053048
Belgium,BEL,"Industry, value added (% of GDP)",NV.IND.TOTL.ZS,23.1762908391998,23.0096015154678,22.4514736727946,22.2286125663552,22.0117804446853,22.1709650487276
Belgium,BEL,"Inflation, consumer prices (annual %)",FP.CPI.TOTL.ZG,2.189218922,3.531058241,2.838723095,1.11223458,0.34,0.558102452
Belgium,BEL,"Educational attainment, at least Bachelor's or equivalent, population 25+, total (%) (cumulative)",SE.TER.CUAT.BA.ZS,..,..,..,30.2483501434326,31.2590007781982,31.7094802856445
Belgium,BEL,"Educational attainment, at least completed upper secondary, population 25+, total (%) (cumulative)",SE.SEC.CUAT.UP.ZS,61.7283782958984,62.7599296569824,63.2111015319824,64.278678894043,64.0188674926758,66.210578918457
Belgium,BEL,"Educational attainment, at least completed lower secondary, population 25+, total (%) (cumulative)",SE.SEC.CUAT.LO.ZS,79.641487121582,80.1013717651367,80.2901916503906,81.5879287719727,82.3405380249023,84.3579177856445
Canada,CAN,Trade (% of GDP),NE.TRD.GNFS.ZS,60.0607292686317,62.3286223912692,62.3971367253161,61.9733949150792,64.1835554836149,65.5489169481516
Canada,CAN,"Industry, value added (% of GDP)",NV.IND.TOTL.ZS,28.5510628351401,29.375297383388,28.8839156969724,28.8454450873362,..,..
Canada,CAN,"Inflation, consumer prices (annual %)",FP.CPI.TOTL.ZG,1.776871541,2.912135089,1.515678231,0.938291898,1.906635907,1.125241361
Canada,CAN,"Educational attainment, at least Bachelor's or equivalent, population 25+, total (%) (cumulative)",SE.TER.CUAT.BA.ZS,..,..,..,..,..,..
Canada,CAN,"Educational attainment, at least completed upper secondary, population 25+, total (%) (cumulative)",SE.SEC.CUAT.UP.ZS,..,82.7489929199219,..,..,..,..
Canada,CAN,"Educational attainment, at least completed lower secondary, population 25+, total (%) (cumulative)",SE.SEC.CUAT.LO.ZS,..,..,..,..,..,..
Chile,CHL,Trade (% of GDP),NE.TRD.GNFS.ZS,69.0637159959816,72.2056659465458,68.2718463999307,64.9734766055268,65.1425511259883,59.466627878661
Chile,CHL,"Industry, value added (% of GDP)",NV.IND.TOTL.ZS,38.7613771694638,37.7763654311666,35.5703916091639,34.0832990897504,33.7158834640882,32.4133383463854
Chile,CHL,"Inflation, consumer prices (annual %)",FP.CPI.TOTL.ZG,1.409964751,3.340318008,3.006520356,1.791710733,4.395,4.348867283
Chile,CHL,"Educational attainment, at least Bachelor's or equivalent, population 25+, total (%) (cumulative)",SE.TER.CUAT.BA.ZS,..,10.3645696640015,..,12.269889831543,..,..
Chile,CHL,"Educational attainment, at least completed upper secondary, population 25+, total (%) (cumulative)",SE.SEC.CUAT.UP.ZS,52.8601493835449,50.8061408996582,..,54.0618705749512,..,..
Chile,CHL,"Educational attainment, at least completed lower secondary, population 25+, total (%) (cumulative)",SE.SEC.CUAT.LO.ZS,75.0458374023438,72.8394470214844,..,76.1649398803711,..,..
Czech Republic,CZE,Trade (% of GDP),NE.TRD.GNFS.ZS,128.967077051047,138.784978264669,147.537458939997,147.978174425006,158.726956742669,156.099863722896
Czech Republic,CZE,"Industry, value added (% of GDP)",NV.IND.TOTL.ZS,36.7801040545089,37.018735913041,36.9034280276452,36.6992954836149,37.8929456453459,37.7744446424551
Czech Republic,CZE,"Inflation, consumer prices (annual %)",FP.CPI.TOTL.ZG,1.408717924,1.936389149,3.299073139,1.434726602,0.337186898,0.344782438
Czech Republic,CZE,"Educational attainment, at least Bachelor's or equivalent, population 25+, total (%) (cumulative)",SE.TER.CUAT.BA.ZS,..,..,..,..,18.8267307281494,19.3418006896973
Czech Republic,CZE,"Educational attainment, at least completed upper secondary, population 25+, total (%) (cumulative)",SE.SEC.CUAT.UP.ZS,87.9936599731445,88.3989562988281,88.5255432128906,89.1595687866211,89.6333618164063,89.7707138061523
Czech Republic,CZE,"Educational attainment, at least completed lower secondary, population 25+, total (%) (cumulative)",SE.SEC.CUAT.LO.ZS,99.8228225708008,99.8156204223633,99.8166580200195,99.7996520996094,99.8154830932617,99.8076629638672
Denmark,DNK,Trade (% of GDP),NE.TRD.GNFS.ZS,94.0999797893453,101.245740053085,103.240999217943,103.050147770845,102.263920471036,104.058935192402
Denmark,DNK,"Industry, value added (% of GDP)",NV.IND.TOTL.ZS,22.834272813892,23.4714903666967,23.6259585376319,23.1888711053181,22.8026636741926,22.6680392470059
Denmark,DNK,"Inflation, consumer prices (annual %)",FP.CPI.TOTL.ZG,2.297730121,2.758682261,2.397914857,0.78907178,0.56402054,0.452034154
Denmark,DNK,"Educational attainment, at least Bachelor's or equivalent, population 25+, total (%) (cumulative)",SE.TER.CUAT.BA.ZS,..,..,..,..,28.9782695770264,30.3837299346924
Denmark,DNK,"Educational attainment, at least completed upper secondary, population 25+, total (%) (cumulative)",SE.SEC.CUAT.UP.ZS,74.9399795532227,75.4767608642578,76.0023803710938,76.549072265625,76.8349990844727,77.749137878418
Denmark,DNK,"Educational attainment, at least completed lower secondary, population 25+, total (%) (cumulative)",SE.SEC.CUAT.LO.ZS,..,..,99.6436004638672,99.5849380493164,91.4856109619141,92.0675811767578
Estonia,EST,Trade (% of GDP),NE.TRD.GNFS.ZS,143.800151545203,167.349949217147,170.428334269953,165.79450131349,162.314150890323,153.210232763911
Estonia,EST,"Industry, value added (% of GDP)",NV.IND.TOTL.ZS,27.9715486807617,29.1916497558528,28.7499441822036,28.7399058361337,28.6430406413848,27.7576561757504
Estonia,EST,"Inflation, consumer prices (annual %)",FP.CPI.TOTL.ZG,2.975580329,4.977614784,3.934921578,2.788496796,-0.144815519,-0.456766653
Estonia,EST,"Educational attainment, at least Bachelor's or equivalent, population 25+, total (%) (cumulative)",SE.TER.CUAT.BA.ZS,..,..,..,..,..,..
Estonia,EST,"Educational attainment, at least completed upper secondary, population 25+, total (%) (cumulative)",SE.SEC.CUAT.UP.ZS,86.4620971679688,86.5545501708984,87.2545623779297,88.4096374511719,89.6790618896484,89.6915130615234
Estonia,EST,"Educational attainment, at least completed lower secondary, population 25+, total (%) (cumulative)",SE.SEC.CUAT.LO.ZS,..,..,..,..,..,..
Finland,FIN,Trade (% of GDP),NE.TRD.GNFS.ZS,76.089791555318,79.1699048605926,80.4057199201173,78.5136078844092,75.3744999367317,73.4379547764349
Finland,FIN,"Industry, value added (% of GDP)",NV.IND.TOTL.ZS,29.9737195941816,28.8904924495758,27.0402570512188,27.0185483594473,26.7782379496799,27.0448322593136
Finland,FIN,"Inflation, consumer prices (annual %)",FP.CPI.TOTL.ZG,1.210357625,3.416809034,2.808332326,1.478288133,1.041200006,-0.207164371
Finland,FIN,"Educational attainment, at least Bachelor's or equivalent, population 25+, total (%) (cumulative)",SE.TER.CUAT.BA.ZS,..,..,21.1388092041016,21.8909206390381,22.5055408477783,..
Finland,FIN,"Educational attainment, at least completed upper secondary, population 25+, total (%) (cumulative)",SE.SEC.CUAT.UP.ZS,70.4480590820313,71.2015533447266,71.953727722168,72.8120803833008,73.5687713623047,..
Finland,FIN,"Educational attainment, at least completed lower secondary, population 25+, total (%) (cumulative)",SE.SEC.CUAT.LO.ZS,..,..,..,..,..,..
France,FRA,Trade (% of GDP),NE.TRD.GNFS.ZS,53.9684390294429,58.1690043723935,59.2003848717422,59.0988041163812,59.7918894919885,60.8520569508482
France,FRA,"Industry, value added (% of GDP)",NV.IND.TOTL.ZS,19.601917176296,19.8321923029925,19.6915850436361,19.8390016797442,19.6391930907591,19.6364667999768
France,FRA,"Inflation, consumer prices (annual %)",FP.CPI.TOTL.ZG,1.529639382,2.117486809,1.9556855,0.86360693,0.507700673,0.037803733
France,FRA,"Educational attainment, at least Bachelor's or equivalent, population 25+, total (%) (cumulative)",SE.TER.CUAT.BA.ZS,..,..,..,..,16.3929500579834,17.6630706787109
France,FRA,"Educational attainment, at least completed upper secondary, population 25+, total (%) (cumulative)",SE.SEC.CUAT.UP.ZS,61.8969383239746,62.7715682983398,63.7497215270996,66.3351593017578,68.5302200317383,69.4374313354492
France,FRA,"Educational attainment, at least completed lower secondary, population 25+, total (%) (cumulative)",SE.SEC.CUAT.LO.ZS,79.2146911621094,79.8137283325195,80.487663269043,81.5009994506836,82.6331634521484,83.2034301757813
Germany,DEU,Trade (% of GDP),NE.TRD.GNFS.ZS,79.3030782229871,84.7477359495694,85.8747543741344,84.83642578125,84.4856724876981,85.755786637754
Germany,DEU,"Industry, value added (% of GDP)",NV.IND.TOTL.ZS,30.1625321155449,30.5668516415041,30.7058108703476,30.1076905409147,30.4401897708022,30.529635146882
Germany,DEU,"Inflation, consumer prices (annual %)",FP.CPI.TOTL.ZG,1.103808561,2.075172931,2.008491182,1.504722267,0.906797035,0.234429945
Germany,DEU,"Educational attainment, at least Bachelor's or equivalent, population 25+, total (%) (cumulative)",SE.TER.CUAT.BA.ZS,..,..,..,..,24.1829490661621,24.7420501708984
Germany,DEU,"Educational attainment, at least completed upper secondary, population 25+, total (%) (cumulative)",SE.SEC.CUAT.UP.ZS,81.1279907226563,81.7228622436523,82.04736328125,82.3082504272461,82.9972076416016,83.083366394043
Germany,DEU,"Educational attainment, at least completed lower secondary, population 25+, total (%) (cumulative)",SE.SEC.CUAT.LO.ZS,96.5238418579102,96.713623046875,96.7308578491211,96.6717910766602,96.7991485595703,96.7161178588867
Greece,GRC,Trade (% of GDP),NE.TRD.GNFS.ZS,52.8290979327057,57.8446200446513,61.8177666440886,63.5191424472248,67.1494536906228,63.3936164816987
Greece,GRC,"Industry, value added (% of GDP)",NV.IND.TOTL.ZS,15.6555253960896,15.5716423938903,16.2101287382896,16.5326647735669,16.0060379296926,15.6220935938635
Greece,GRC,"Inflation, consumer prices (annual %)",FP.CPI.TOTL.ZG,4.712981576,3.329870174,1.501519795,-0.921271918,-1.312242411,-1.735902366
Greece,GRC,"Educational attainment, at least Bachelor's or equivalent, population 25+, total (%) (cumulative)",SE.TER.CUAT.BA.ZS,..,..,..,..,22.1860599517822,22.929069519043
Greece,GRC,"Educational attainment, at least completed upper secondary, population 25+, total (%) (cumulative)",SE.SEC.CUAT.UP.ZS,53.662281036377,..,..,..,56.2749290466309,57.9250907897949
Greece,GRC,"Educational attainment, at least completed lower secondary, population 25+, total (%) (cumulative)",SE.SEC.CUAT.LO.ZS,63.1490783691406,..,..,..,67.5204162597656,69.1706924438477
Hungary,HUN,Trade (% of GDP),NE.TRD.GNFS.ZS,158.352697867102,167.38804373993,166.125856222689,164.343533095777,168.923830422783,171.565870171142
Hungary,HUN,"Industry, value added (% of GDP)",NV.IND.TOTL.ZS,29.9075359018591,29.8839681717282,30.0561632636054,29.8411618623105,30.5888370945034,31.7157511115626
Hungary,HUN,"Inflation, consumer prices (annual %)",FP.CPI.TOTL.ZG,4.881345076,3.920735315,5.667639606,1.721102477,-0.222315061,-0.070282476
Hungary,HUN,"Educational attainment, at least Bachelor's or equivalent, population 25+, total (%) (cumulative)",SE.TER.CUAT.BA.ZS,..,..,..,19.4259796142578,19.9017601013184,20.6730899810791
Hungary,HUN,"Educational attainment, at least completed upper secondary, population 25+, total (%) (cumulative)",SE.SEC.CUAT.UP.ZS,75.6911087036133,76.6575622558594,77.6319808959961,78.487419128418,74.1223602294922,75.0991821289063
Hungary,HUN,"Educational attainment, at least completed lower secondary, population 25+, total (%) (cumulative)",SE.SEC.CUAT.LO.ZS,97.9304733276367,98.2056579589844,98.2855682373047,98.3937377929688,96.6406173706055,96.7666091918945
Ireland,IRL,Trade (% of GDP),NE.TRD.GNFS.ZS,189.590173145312,187.534727739655,196.609113204878,193.290657965311,208.170878476191,216.186710594284
Ireland,IRL,"Industry, value added (% of GDP)",NV.IND.TOTL.ZS,26.0674459467244,28.0275157983397,27.8201574920144,27.4021677491543,27.5470832373434,41.3615772071449
Ireland,IRL,"Inflation, consumer prices (annual %)",FP.CPI.TOTL.ZG,-0.946166395,2.578870455,1.692784715,0.502678204,0.196785831,-0.294599018
Ireland,IRL,"Educational attainment, at least Bachelor's or equivalent, population 25+, total (%) (cumulative)",SE.TER.CUAT.BA.ZS,..,26.8377990722656,..,..,..,..
Ireland,IRL,"Educational attainment, at least completed upper secondary, population 25+, total (%) (cumulative)",SE.SEC.CUAT.UP.ZS,66.5854721069336,66.3703002929688,..,..,..,..
Ireland,IRL,"Educational attainment, at least completed lower secondary, population 25+, total (%) (cumulative)",SE.SEC.CUAT.LO.ZS,81.0681991577148,83.4697036743164,..,..,..,..
Iceland,ISL,Trade (% of GDP),NE.TRD.GNFS.ZS,97.1354563649908,105.17658536012,107.974477354218,102.862140328948,100.263467238833,99.8549288510022
Iceland,ISL,"Industry, value added (% of GDP)",NV.IND.TOTL.ZS,24.74805261096,25.129115285705,23.8189132709772,23.6897179533399,23.1524245700274,22.6891881234649
Iceland,ISL,"Inflation, consumer prices (annual %)",FP.CPI.TOTL.ZG,5.393595958,3.990412645,5.1952906,3.884644993,2.034999715,1.631284916
Iceland,ISL,"Educational attainment, at least Bachelor's or equivalent, population 25+, total (%) (cumulative)",SE.TER.CUAT.BA.ZS,..,..,..,..,..,..
Iceland,ISL,"Educational attainment, at least completed upper secondary, population 25+, total (%) (cumulative)",SE.SEC.CUAT.UP.ZS,..,..,..,..,..,..
Iceland,ISL,"Educational attainment, at least completed lower secondary, population 25+, total (%) (cumulative)",SE.SEC.CUAT.LO.ZS,..,..,..,..,..,..
Japan,JPN,Trade (% of GDP),NE.TRD.GNFS.ZS,28.6130077131406,30.3930029700341,30.6361236890786,34.1475222566436,37.5587796721031,35.5947617658213
Japan,JPN,"Industry, value added (% of GDP)",NV.IND.TOTL.ZS,28.5140007877609,27.0164363844004,26.8890915405566,27.1032559835937,27.8988252028393,28.8949927465705
Japan,JPN,"Inflation, consumer prices (annual %)",FP.CPI.TOTL.ZG,-0.719979429,-0.267633601,-0.051939058,0.346440326,2.761954083,0.78951789
Japan,JPN,"Educational attainment, at least Bachelor's or equivalent, population 25+, total (%) (cumulative)",SE.TER.CUAT.BA.ZS,..,..,..,..,..,..
Japan,JPN,"Educational attainment, at least completed upper secondary, population 25+, total (%) (cumulative)",SE.SEC.CUAT.UP.ZS,80.6133880615234,..,..,..,..,..
Japan,JPN,"Educational attainment, at least completed lower secondary, population 25+, total (%) (cumulative)",SE.SEC.CUAT.LO.ZS,..,..,..,..,..,..
Italy,ITA,Trade (% of GDP),NE.TRD.GNFS.ZS,52.3455973754055,55.582987559596,56.1848797314762,55.4665897544128,55.7597689815536,56.9469585888712
Italy,ITA,"Industry, value added (% of GDP)",NV.IND.TOTL.ZS,24.3746719635211,24.2096473175722,23.8717118052846,23.6982587359751,23.3814280556037,23.5481585448496
Italy,ITA,"Inflation, consumer prices (annual %)",FP.CPI.TOTL.ZG,1.539893392,2.741438213,3.04136253,1.219992129,0.241057543,0.03878675
Italy,ITA,"Educational attainment, at least Bachelor's or equivalent, population 25+, total (%) (cumulative)",SE.TER.CUAT.BA.ZS,..,..,..,..,..,..
Italy,ITA,"Educational attainment, at least completed upper secondary, population 25+, total (%) (cumulative)",SE.SEC.CUAT.UP.ZS,45.5006904602051,46.1607398986816,47.2840003967285,..,48.6404800415039,49.1525802612305
Italy,ITA,"Educational attainment, at least completed lower secondary, population 25+, total (%) (cumulative)",SE.SEC.CUAT.LO.ZS,73.8259963989258,74.7727508544922,75.682258605957,..,77.624397277832,78.4582595825195
Israel,ISR,Trade (% of GDP),NE.TRD.GNFS.ZS,67.8909079340675,71.4945336674808,72.102516621926,64.7215837997115,63.0192667344643,59.5292132247128
Israel,ISR,"Industry, value added (% of GDP)",NV.IND.TOTL.ZS,22.8949757248482,21.9138153893896,22.2747399418221,22.1620328306616,21.968244524144,20.9949245145102
Israel,ISR,"Inflation, consumer prices (annual %)",FP.CPI.TOTL.ZG,2.69295911,3.459195493,1.70761176,1.525873129,0.475956015,-0.633122293
Israel,ISR,"Educational attainment, at least Bachelor's or equivalent, population 25+, total (%) (cumulative)",SE.TER.CUAT.BA.ZS,..,..,..,31.3936901092529,32.7911186218262,33.2059211730957
Israel,ISR,"Educational attainment, at least completed upper secondary, population 25+, total (%) (cumulative)",SE.SEC.CUAT.UP.ZS,77.5900268554688,78.5398788452148,80.2942428588867,80.6550827026367,81.2332916259766,81.4417495727539
Israel,ISR,"Educational attainment, at least completed lower secondary, population 25+, total (%) (cumulative)",SE.SEC.CUAT.LO.ZS,85.1100463867188,85.7394104003906,86.1581115722656,88.427131652832,88.8318634033203,89.1813583374023
"Korea, Rep.",KOR,Trade (% of GDP),NE.TRD.GNFS.ZS,95.6540858036146,110.000052525698,109.886198237665,102.770745913065,95.297222698681,83.7121215269455
"Korea, Rep.",KOR,"Industry, value added (% of GDP)",NV.IND.TOTL.ZS,38.2697298921575,38.3806785733236,38.0697736467295,38.4133077130489,38.0609575059418,38.3339349573177
"Korea, Rep.",KOR,"Inflation, consumer prices (annual %)",FP.CPI.TOTL.ZG,2.939181359,4.02584625,2.187221208,1.301377058,1.274799694,0.706962879
"Korea, Rep.",KOR,"Educational attainment, at least Bachelor's or equivalent, population 25+, total (%) (cumulative)",SE.TER.CUAT.BA.ZS,24.3577404022217,..,..,..,..,..
"Korea, Rep.",KOR,"Educational attainment, at least completed upper secondary, population 25+, total (%) (cumulative)",SE.SEC.CUAT.UP.ZS,72.7248001098633,..,..,..,..,..
"Korea, Rep.",KOR,"Educational attainment, at least completed lower secondary, population 25+, total (%) (cumulative)",SE.SEC.CUAT.LO.ZS,82.9011688232422,..,..,..,..,..
Latvia,LVA,Trade (% of GDP),NE.TRD.GNFS.ZS,108.788986837409,120.611250854009,127.065798888064,123.91365523685,122.598311991869,121.154566011183
Latvia,LVA,"Industry, value added (% of GDP)",NV.IND.TOTL.ZS,23.3876762267567,23.6556519241958,23.7365967237162,23.1725360734554,22.4190497752179,22.2605713467157
Latvia,LVA,"Inflation, consumer prices (annual %)",FP.CPI.TOTL.ZG,-1.070663812,4.401154401,2.211472011,0,0.60851927,0.201612903
Latvia,LVA,"Educational attainment, at least Bachelor's or equivalent, population 25+, total (%) (cumulative)",SE.TER.CUAT.BA.ZS,..,..,..,27.7910709381104,26.554069519043,27.7935600280762
Latvia,LVA,"Educational attainment, at least completed upper secondary, population 25+, total (%) (cumulative)",SE.SEC.CUAT.UP.ZS,85.5665130615234,85.0755310058594,86.3432388305664,87.1614837646484,87.786376953125,88.5969085693359
Latvia,LVA,"Educational attainment, at least completed lower secondary, population 25+, total (%) (cumulative)",SE.SEC.CUAT.LO.ZS,99.1183013916016,99.0966415405273,99.2243881225586,99.3210372924805,99.4213790893555,99.621208190918
Luxembourg,LUX,Trade (% of GDP),NE.TRD.GNFS.ZS,316.161400227568,323.449607347643,341.862022195953,349.241939063509,382.291461929498,410.171637092446
Luxembourg,LUX,"Industry, value added (% of GDP)",NV.IND.TOTL.ZS,12.7055318712537,12.4668825643179,11.9510412221653,12.2106469970783,12.666509829415,12.5487954488554
Luxembourg,LUX,"Inflation, consumer prices (annual %)",FP.CPI.TOTL.ZG,2.273404833,3.409795876,2.664199548,1.734030794,0.629749069,0.474513795
Luxembourg,LUX,"Educational attainment, at least Bachelor's or equivalent, population 25+, total (%) (cumulative)",SE.TER.CUAT.BA.ZS,..,..,..,..,..,..
Luxembourg,LUX,"Educational attainment, at least completed upper secondary, population 25+, total (%) (cumulative)",SE.SEC.CUAT.UP.ZS,75.5208282470703,74.9149398803711,76.2488784790039,78.2979965209961,79.5658493041992,..
Luxembourg,LUX,"Educational attainment, at least completed lower secondary, population 25+, total (%) (cumulative)",SE.SEC.CUAT.LO.ZS,..,..,..,..,..,100
Mexico,MEX,Trade (% of GDP),NE.TRD.GNFS.ZS,60.9465347831047,63.776520101531,66.4083190298275,64.4446325582726,65.648169486917,72.1792934080683
Mexico,MEX,"Industry, value added (% of GDP)",NV.IND.TOTL.ZS,35.0863423473207,36.3221534724316,36.3503448845937,34.4046768516602,34.3269414847908,32.7444883136394
Mexico,MEX,"Inflation, consumer prices (annual %)",FP.CPI.TOTL.ZG,4.156727837,3.407379617,4.111508546,3.806389823,4.018617202,2.720641263
Mexico,MEX,"Educational attainment, at least Bachelor's or equivalent, population 25+, total (%) (cumulative)",SE.TER.CUAT.BA.ZS,12.7612199783325,..,..,14.3226099014282,13.9571304321289,14.7796497344971
Mexico,MEX,"Educational attainment, at least completed upper secondary, population 25+, total (%) (cumulative)",SE.SEC.CUAT.UP.ZS,29.2044105529785,..,33.7975082397461,31.6299304962158,31.7997303009033,33.3462181091309
Mexico,MEX,"Educational attainment, at least completed lower secondary, population 25+, total (%) (cumulative)",SE.SEC.CUAT.LO.ZS,53.0869216918945,..,58.0119209289551,56.5583801269531,57.4869689941406,59.538761138916
Netherlands,NLD,Trade (% of GDP),NE.TRD.GNFS.ZS,135.545009437667,146.173216638229,154.270852062421,153.324406968692,154.288485206815,156.296738492692
Netherlands,NLD,"Industry, value added (% of GDP)",NV.IND.TOTL.ZS,22.1362308170573,22.3910005348609,22.1436988722783,21.4284621985099,20.5050434037368,20.2794860370805
Netherlands,NLD,"Inflation, consumer prices (annual %)",FP.CPI.TOTL.ZG,1.275552568,2.341070178,2.455547653,2.506898527,0.97603508,0.600248147
Netherlands,NLD,"Educational attainment, at least Bachelor's or equivalent, population 25+, total (%) (cumulative)",SE.TER.CUAT.BA.ZS,..,..,..,27.2189903259277,28.0117092132568,28.8690700531006
Netherlands,NLD,"Educational attainment, at least completed upper secondary, population 25+, total (%) (cumulative)",SE.SEC.CUAT.UP.ZS,66.7723236083984,66.4095993041992,67.0986328125,69.5296936035156,69.4222030639648,69.570442199707
Netherlands,NLD,"Educational attainment, at least completed lower secondary, population 25+, total (%) (cumulative)",SE.SEC.CUAT.LO.ZS,89.5227966308594,89.4312515258789,89.8591079711914,89.4114608764648,89.3653717041016,89.4881210327148
New Zealand,NZL,Trade (% of GDP),NE.TRD.GNFS.ZS,58.2264169493192,59.1804577918881,57.0275713655091,56.0977604455865,55.100733282078,55.0154495453982
New Zealand,NZL,"Industry, value added (% of GDP)",NV.IND.TOTL.ZS,20.7680447296958,20.8856126340577,21.0427659681391,20.5402030690369,21.7599003983165,..
New Zealand,NZL,"Inflation, consumer prices (annual %)",FP.CPI.TOTL.ZG,2.302025783,4.432943294,0.883430295,1.302862025,0.906599199,0.334308399
New Zealand,NZL,"Educational attainment, at least Bachelor's or equivalent, population 25+, total (%) (cumulative)",SE.TER.CUAT.BA.ZS,..,..,..,..,26.1462898254395,26.0090293884277
New Zealand,NZL,"Educational attainment, at least completed upper secondary, population 25+, total (%) (cumulative)",SE.SEC.CUAT.UP.ZS,..,68.9641036987305,68.7936172485352,..,69.4948272705078,69.5380325317383
New Zealand,NZL,"Educational attainment, at least completed lower secondary, population 25+, total (%) (cumulative)",SE.SEC.CUAT.LO.ZS,..,..,..,..,..,..
Norway,NOR,Trade (% of GDP),NE.TRD.GNFS.ZS,68.1900916013523,69.5968352019401,68.1161138957597,67.4932004584509,68.5661486049516,69.8096542912451
Norway,NOR,"Industry, value added (% of GDP)",NV.IND.TOTL.ZS,39.0032782229979,41.3497655257466,41.0549265295258,39.7525076639965,37.9820770100823,34.7606886816314
Norway,NOR,"Inflation, consumer prices (annual %)",FP.CPI.TOTL.ZG,2.399257688,1.300970874,0.709219858,2.131709174,2.025096285,2.17364832
Norway,NOR,"Educational attainment, at least Bachelor's or equivalent, population 25+, total (%) (cumulative)",SE.TER.CUAT.BA.ZS,..,..,..,..,25.7266902923584,26.650089263916
Norway,NOR,"Educational attainment, at least completed upper secondary, population 25+, total (%) (cumulative)",SE.SEC.CUAT.UP.ZS,75.414192199707,75.9920196533203,..,..,77.0060577392578,77.4857177734375
Norway,NOR,"Educational attainment, at least completed lower secondary, population 25+, total (%) (cumulative)",SE.SEC.CUAT.LO.ZS,99.7040786743164,99.5988998413086,..,..,99.2095336914063,99.2287826538086
Poland,POL,Trade (% of GDP),NE.TRD.GNFS.ZS,82.1083264489399,87.082722756353,89.327462141553,90.6918664127781,93.7329373886842,95.9473533282353
Poland,POL,"Industry, value added (% of GDP)",NV.IND.TOTL.ZS,33.165706627573,33.9456936876483,33.5707165898825,32.2408402377564,33.2019895016738,34.1210599574283
Poland,POL,"Inflation, consumer prices (annual %)",FP.CPI.TOTL.ZG,2.707452359,4.258333333,3.556869954,1.034269836,0.106951872,-0.991300366
Poland,POL,"Educational attainment, at least Bachelor's or equivalent, population 25+, total (%) (cumulative)",SE.TER.CUAT.BA.ZS,..,..,..,22.6315097808838,23.7001991271973,..
Poland,POL,"Educational attainment, at least completed upper secondary, population 25+, total (%) (cumulative)",SE.SEC.CUAT.UP.ZS,80.8199768066406,81.5495910644531,82.0938491821289,82.8486328125,83.4857788085938,..
Poland,POL,"Educational attainment, at least completed lower secondary, population 25+, total (%) (cumulative)",SE.SEC.CUAT.LO.ZS,80.9015502929688,81.6829223632813,82.2974166870117,83.1423492431641,83.8526306152344,..
Portugal,PRT,Trade (% of GDP),NE.TRD.GNFS.ZS,67.3048494042777,72.8638805710354,75.9289614710258,78.0273442908481,79.9597559623838,80.2229566172975
Portugal,PRT,"Industry, value added (% of GDP)",NV.IND.TOTL.ZS,22.6241731317456,22.0769600929952,21.8256638853059,21.4668501463867,21.6466367012889,22.3941172146931
Portugal,PRT,"Inflation, consumer prices (annual %)",FP.CPI.TOTL.ZG,1.402572899,3.653011004,2.773338541,0.274416667,-0.278153367,0.487938624
Portugal,PRT,"Educational attainment, at least Bachelor's or equivalent, population 25+, total (%) (cumulative)",SE.TER.CUAT.BA.ZS,..,..,..,..,17.4849891662598,18.1825294494629
Portugal,PRT,"Educational attainment, at least completed upper secondary, population 25+, total (%) (cumulative)",SE.SEC.CUAT.UP.ZS,25.5953102111816,27.8761291503906,30.022819519043,31.8690605163574,34.2075881958008,35.4289283752441
Portugal,PRT,"Educational attainment, at least completed lower secondary, population 25+, total (%) (cumulative)",SE.SEC.CUAT.LO.ZS,41.3025512695313,45.0074005126953,47.2301597595215,49.2851486206055,51.444938659668,52.7052001953125
Slovak Republic,SVK,Trade (% of GDP),NE.TRD.GNFS.ZS,154.123059806721,171.007872957736,179.193878843241,183.405464372307,180.278818457979,184.327740858989
Slovak Republic,SVK,"Industry, value added (% of GDP)",NV.IND.TOTL.ZS,35.225896127069,35.5133229474612,35.3715271138701,33.0682090282041,34.5869794400181,34.5068640222968
Slovak Republic,SVK,"Inflation, consumer prices (annual %)",FP.CPI.TOTL.ZG,0.957018133,3.919285991,3.606102635,1.40047369,-0.07616533,-0.325219777
Slovak Republic,SVK,"Educational attainment, at least Bachelor's or equivalent, population 25+, total (%) (cumulative)",SE.TER.CUAT.BA.ZS,..,18.5654392242432,..,..,18.0583992004395,18.9221496582031
Slovak Republic,SVK,"Educational attainment, at least completed upper secondary, population 25+, total (%) (cumulative)",SE.SEC.CUAT.UP.ZS,..,84.8493118286133,85.3790512084961,85.9608764648438,85.3176193237305,86.6858291625977
Slovak Republic,SVK,"Educational attainment, at least completed lower secondary, population 25+, total (%) (cumulative)",SE.SEC.CUAT.LO.ZS,..,..,99.3027725219727,99.2826919555664,99.3442611694336,99.2700729370117
Slovenia,SVN,Trade (% of GDP),NE.TRD.GNFS.ZS,127.141330167444,138.912301308299,142.031251402418,143.474867534813,144.227959008901,145.39663702532
Slovenia,SVN,"Industry, value added (% of GDP)",NV.IND.TOTL.ZS,30.6053160120808,30.9195101265454,31.6688917807322,31.9578608060998,32.8210750829625,32.5657311027934
Slovenia,SVN,"Inflation, consumer prices (annual %)",FP.CPI.TOTL.ZG,1.840965347,1.810579921,2.598297643,1.760351239,0.200074858,-0.518126124
Slovenia,SVN,"Educational attainment, at least Bachelor's or equivalent, population 25+, total (%) (cumulative)",SE.TER.CUAT.BA.ZS,..,..,..,..,18.2173099517822,18.8235301971436
Slovenia,SVN,"Educational attainment, at least completed upper secondary, population 25+, total (%) (cumulative)",SE.SEC.CUAT.UP.ZS,77.6738128662109,78.4461669921875,79.1578216552734,79.7796478271484,80.0910873413086,81.5032730102539
Slovenia,SVN,"Educational attainment, at least completed lower secondary, population 25+, total (%) (cumulative)",SE.SEC.CUAT.LO.ZS,95.4296875,96.0180206298828,96.8689804077148,97.1484069824219,97.5927124023438,98.1699295043945
Spain,ESP,Trade (% of GDP),NE.TRD.GNFS.ZS,52.3435729252915,58.0860928451519,59.9311415973034,61.1796122231506,62.9964733768862,63.6103955748066
Spain,ESP,"Industry, value added (% of GDP)",NV.IND.TOTL.ZS,26.0135793826139,24.9708743786026,24.0138744174443,23.2886141322936,23.185702033945,23.6164037417056
Spain,ESP,"Inflation, consumer prices (annual %)",FP.CPI.TOTL.ZG,1.79988133,3.196146412,2.446000185,1.408546292,-0.150870313,-0.500461321
Spain,ESP,"Educational attainment, at least Bachelor's or equivalent, population 25+, total (%) (cumulative)",SE.TER.CUAT.BA.ZS,..,..,..,..,..,..
Spain,ESP,"Educational attainment, at least completed upper secondary, population 25+, total (%) (cumulative)",SE.SEC.CUAT.UP.ZS,44.2518196105957,45.265308380127,45.6011505126953,..,47.2372512817383,47.8630485534668
Spain,ESP,"Educational attainment, at least completed lower secondary, population 25+, total (%) (cumulative)",SE.SEC.CUAT.LO.ZS,67.3895492553711,68.7965087890625,69.8730163574219,..,73.7143478393555,74.8149490356445
Sweden,SWE,Trade (% of GDP),NE.TRD.GNFS.ZS,86.9028469934892,88.6615268870312,87.7150184541902,83.0936767969731,85.7506528078357,86.2408032648707
Sweden,SWE,"Industry, value added (% of GDP)",NV.IND.TOTL.ZS,28.9308440290075,28.2395434466329,26.888006207792,26.0809267074574,25.7439528334922,24.4803087943648
Sweden,SWE,"Inflation, consumer prices (annual %)",FP.CPI.TOTL.ZG,1.157988027,2.961150738,0.888377507,-0.04429297,-0.179638494,-0.046784745
Sweden,SWE,"Educational attainment, at least Bachelor's or equivalent, population 25+, total (%) (cumulative)",SE.TER.CUAT.BA.ZS,..,..,..,22.0398502349854,22.5353202819824,22.9988498687744
Sweden,SWE,"Educational attainment, at least completed upper secondary, population 25+, total (%) (cumulative)",SE.SEC.CUAT.UP.ZS,77.6163787841797,78.3214797973633,79.0048828125,73.9167327880859,74.4703674316406,75.0337524414063
Sweden,SWE,"Educational attainment, at least completed lower secondary, population 25+, total (%) (cumulative)",SE.SEC.CUAT.LO.ZS,87.0703430175781,87.7039489746094,88.334358215332,88.9272308349609,89.4749069213867,90.019401550293
Switzerland,CHE,Trade (% of GDP),NE.TRD.GNFS.ZS,117.252176696941,122.496172646162,123.682364403577,131.796551442727,116.860116317017,112.768159487105
Switzerland,CHE,"Industry, value added (% of GDP)",NV.IND.TOTL.ZS,26.5828318804355,26.9287071288255,26.5532285868786,26.4121399507856,26.0214358989892,25.9001008402029
Switzerland,CHE,"Inflation, consumer prices (annual %)",FP.CPI.TOTL.ZG,0.698510114,0.23134621,-0.692544621,-0.217319662,-0.013186044,-1.143915069
Switzerland,CHE,"Educational attainment, at least Bachelor's or equivalent, population 25+, total (%) (cumulative)",SE.TER.CUAT.BA.ZS,..,..,..,..,35.6050109863281,36.949291229248
Switzerland,CHE,"Educational attainment, at least completed upper secondary, population 25+, total (%) (cumulative)",SE.SEC.CUAT.UP.ZS,82.4545669555664,82.3553924560547,83.2414627075195,..,84.6438522338867,85.1900100708008
Switzerland,CHE,"Educational attainment, at least completed lower secondary, population 25+, total (%) (cumulative)",SE.SEC.CUAT.LO.ZS,95.7916717529297,95.8639373779297,96.1167297363281,..,97.0206527709961,97.0939331054688
Turkey,TUR,Trade (% of GDP),NE.TRD.GNFS.ZS,45.8992169144362,52.6629410581543,52.2453098125179,50.3503245097547,51.4141042088002,49.299865753945
Turkey,TUR,"Industry, value added (% of GDP)",NV.IND.TOTL.ZS,27.9812644943164,30.6199529426472,30.3350866545969,31.616266740699,31.8794290990963,31.6676120370134
Turkey,TUR,"Inflation, consumer prices (annual %)",FP.CPI.TOTL.ZG,8.566444206,6.471879671,8.891569965,7.493090305,8.854572714,7.670853648
Turkey,TUR,"Educational attainment, at least Bachelor's or equivalent, population 25+, total (%) (cumulative)",SE.TER.CUAT.BA.ZS,..,..,..,..,..,..
Turkey,TUR,"Educational attainment, at least completed upper secondary, population 25+, total (%) (cumulative)",SE.SEC.CUAT.UP.ZS,29.9863891601563,31.7986698150635,32.7662582397461,33.7585105895996,35.237419128418,37.073558807373
Turkey,TUR,"Educational attainment, at least completed lower secondary, population 25+, total (%) (cumulative)",SE.SEC.CUAT.LO.ZS,46.585880279541,49.7481307983398,51.1371307373047,52.6753196716309,54.9677581787109,56.3549003601074
United Kingdom,GBR,Trade (% of GDP),NE.TRD.GNFS.ZS,59.0339627705195,62.560013014797,61.4442581851088,61.3500639637923,58.4999853026191,56.4764707844448
United Kingdom,GBR,"Industry, value added (% of GDP)",NV.IND.TOTL.ZS,19.9915191543345,20.2313513661727,20.0591345789849,20.3370556688379,19.9877709581003,20.0070388388409
United Kingdom,GBR,"Inflation, consumer prices (annual %)",FP.CPI.TOTL.ZG,3.285714286,4.484239645,2.821709747,2.554546687,1.460191609,0.050020842
United Kingdom,GBR,"Educational attainment, at least Bachelor's or equivalent, population 25+, total (%) (cumulative)",SE.TER.CUAT.BA.ZS,..,..,..,28.3882904052734,29.3326206207275,..
United Kingdom,GBR,"Educational attainment, at least completed upper secondary, population 25+, total (%) (cumulative)",SE.SEC.CUAT.UP.ZS,86.4258270263672,86.0834426879883,87.7356567382813,74.0022735595703,74.7063903808594,..
United Kingdom,GBR,"Educational attainment, at least completed lower secondary, population 25+, total (%) (cumulative)",SE.SEC.CUAT.LO.ZS,99.8078689575195,99.8556365966797,99.8083190917969,99.8322906494141,99.8598480224609,..
United States,USA,Trade (% of GDP),NE.TRD.GNFS.ZS,28.1824522940221,30.8851646798677,30.7146275314132,30.2262580447301,30.2235029597651,27.8900378870281
United States,USA,"Industry, value added (% of GDP)",NV.IND.TOTL.ZS,20.3907026263916,20.6296555379867,20.5439093209243,20.7208740953446,20.8673589595195,20.0272741736565
United States,USA,"Inflation, consumer prices (annual %)",FP.CPI.TOTL.ZG,1.640043442,3.156841569,2.069337265,1.464832656,1.622222977,0.118627136
United States,USA,"Educational attainment, at least Bachelor's or equivalent, population 25+, total (%) (cumulative)",SE.TER.CUAT.BA.ZS,..,..,..,31.6606597900391,31.9557991027832,32.5007591247559
United States,USA,"Educational attainment, at least completed upper secondary, population 25+, total (%) (cumulative)",SE.SEC.CUAT.UP.ZS,87.1494064331055,87.5908889770508,87.6791000366211,88.1503067016602,88.3135833740234,88.4119720458984
United States,USA,"Educational attainment, at least completed lower secondary, population 25+, total (%) (cumulative)",SE.SEC.CUAT.LO.ZS,94.7695007324219,94.9027328491211,94.984489440918,95.2045288085938,95.2634735107422,95.3349685668945
,,,,,,,,,
,,,,,,,,,
,,,,,,,,,
Data from database: World Development Indicators,,,,,,,,,
Last Updated: 03/01/2018,,,,,,,,,
